[
{
    "model": "user.user",
    "fields": {
        "password": "pbkdf2_sha256$1000000$T8hpUOwvsPZToeflDJ4YlK$/49IeFLMurYotQKtFTq1Vs1vwkQtkW3QJXYSdCkaMNc=",
        "last_login": "2025-12-27T12:27:12.788Z",
        "is_superuser": true,
        "first_name": "mohammad",
        "last_name": "kheiry",
        "is_staff": true,
        "is_active": true,
        "date_joined": "2025-10-07T16:21:08.241Z",
        "email": "admin@admin.com",
        "groups": [],
        "user_permissions": []
    }
},
{
    "model": "user.user",
    "fields": {
        "password": "pbkdf2_sha256$1000000$a0YCW2EQoxku45IsalRahk$VANRAnRuvdZe2bSrv62so2xxRgtemslx9tsbeVwmsdE=",
        "last_login": null,
        "is_superuser": false,
        "first_name": "afshin",
        "last_name": "kheiry",
        "is_staff": false,
        "is_active": true,
        "date_joined": "2025-10-07T16:22:18.434Z",
        "email": "admin2@admin.com",
        "groups": [],
        "user_permissions": []
    }
},
{
    "model": "user.user",
    "fields": {
        "password": "pbkdf2_sha256$1000000$gucM5aH1rNwgHXCT2ijUrN$SSgO4hNKWuJIU9R98xDYYzBiJAtdVNcBUDPhuPyarho=",
        "last_login": "2025-12-16T06:39:44.088Z",
        "is_superuser": false,
        "first_name": "robert",
        "last_name": "smit",
        "is_staff": true,
        "is_active": true,
        "date_joined": "2025-11-09T13:56:02.040Z",
        "email": "mohammad@m.com",
        "groups": [],
        "user_permissions": [
            [
                "add_logentry",
                "admin",
                "logentry"
            ],
            [
                "change_logentry",
                "admin",
                "logentry"
            ],
            [
                "delete_logentry",
                "admin",
                "logentry"
            ],
            [
                "view_logentry",
                "admin",
                "logentry"
            ],
            [
                "add_group",
                "auth",
                "group"
            ],
            [
                "change_group",
                "auth",
                "group"
            ],
            [
                "delete_group",
                "auth",
                "group"
            ],
            [
                "view_group",
                "auth",
                "group"
            ],
            [
                "add_permission",
                "auth",
                "permission"
            ],
            [
                "change_permission",
                "auth",
                "permission"
            ],
            [
                "delete_permission",
                "auth",
                "permission"
            ],
            [
                "view_permission",
                "auth",
                "permission"
            ],
            [
                "add_blog",
                "blog",
                "blog"
            ],
            [
                "change_blog",
                "blog",
                "blog"
            ],
            [
                "delete_blog",
                "blog",
                "blog"
            ],
            [
                "view_blog",
                "blog",
                "blog"
            ],
            [
                "add_blogcategory",
                "blog",
                "blogcategory"
            ],
            [
                "change_blogcategory",
                "blog",
                "blogcategory"
            ],
            [
                "delete_blogcategory",
                "blog",
                "blogcategory"
            ],
            [
                "view_blogcategory",
                "blog",
                "blogcategory"
            ],
            [
                "add_blogcomment",
                "blog",
                "blogcomment"
            ],
            [
                "change_blogcomment",
                "blog",
                "blogcomment"
            ],
            [
                "delete_blogcomment",
                "blog",
                "blogcomment"
            ],
            [
                "view_blogcomment",
                "blog",
                "blogcomment"
            ],
            [
                "add_blogreview",
                "blog",
                "blogreview"
            ],
            [
                "change_blogreview",
                "blog",
                "blogreview"
            ],
            [
                "delete_blogreview",
                "blog",
                "blogreview"
            ],
            [
                "view_blogreview",
                "blog",
                "blogreview"
            ],
            [
                "add_blogtag",
                "blog",
                "blogtag"
            ],
            [
                "change_blogtag",
                "blog",
                "blogtag"
            ],
            [
                "delete_blogtag",
                "blog",
                "blogtag"
            ],
            [
                "view_blogtag",
                "blog",
                "blogtag"
            ],
            [
                "add_contenttype",
                "contenttypes",
                "contenttype"
            ],
            [
                "change_contenttype",
                "contenttypes",
                "contenttype"
            ],
            [
                "delete_contenttype",
                "contenttypes",
                "contenttype"
            ],
            [
                "view_contenttype",
                "contenttypes",
                "contenttype"
            ],
            [
                "add_brand",
                "product",
                "brand"
            ],
            [
                "change_brand",
                "product",
                "brand"
            ],
            [
                "delete_brand",
                "product",
                "brand"
            ],
            [
                "view_brand",
                "product",
                "brand"
            ],
            [
                "add_color",
                "product",
                "color"
            ],
            [
                "change_color",
                "product",
                "color"
            ],
            [
                "delete_color",
                "product",
                "color"
            ],
            [
                "view_color",
                "product",
                "color"
            ],
            [
                "add_product",
                "product",
                "product"
            ],
            [
                "change_product",
                "product",
                "product"
            ],
            [
                "delete_product",
                "product",
                "product"
            ],
            [
                "view_product",
                "product",
                "product"
            ],
            [
                "add_productcategory",
                "product",
                "productcategory"
            ],
            [
                "change_productcategory",
                "product",
                "productcategory"
            ],
            [
                "delete_productcategory",
                "product",
                "productcategory"
            ],
            [
                "view_productcategory",
                "product",
                "productcategory"
            ],
            [
                "add_productcomment",
                "product",
                "productcomment"
            ],
            [
                "change_productcomment",
                "product",
                "productcomment"
            ],
            [
                "delete_productcomment",
                "product",
                "productcomment"
            ],
            [
                "view_productcomment",
                "product",
                "productcomment"
            ],
            [
                "add_review",
                "product",
                "review"
            ],
            [
                "change_review",
                "product",
                "review"
            ],
            [
                "delete_review",
                "product",
                "review"
            ],
            [
                "view_review",
                "product",
                "review"
            ],
            [
                "add_session",
                "sessions",
                "session"
            ],
            [
                "change_session",
                "sessions",
                "session"
            ],
            [
                "delete_session",
                "sessions",
                "session"
            ],
            [
                "view_session",
                "sessions",
                "session"
            ],
            [
                "add_billingdetails",
                "transaction",
                "billingdetails"
            ],
            [
                "change_billingdetails",
                "transaction",
                "billingdetails"
            ],
            [
                "delete_billingdetails",
                "transaction",
                "billingdetails"
            ],
            [
                "view_billingdetails",
                "transaction",
                "billingdetails"
            ],
            [
                "add_cart",
                "transaction",
                "cart"
            ],
            [
                "change_cart",
                "transaction",
                "cart"
            ],
            [
                "delete_cart",
                "transaction",
                "cart"
            ],
            [
                "view_cart",
                "transaction",
                "cart"
            ],
            [
                "add_productcart",
                "transaction",
                "productcart"
            ],
            [
                "change_productcart",
                "transaction",
                "productcart"
            ],
            [
                "delete_productcart",
                "transaction",
                "productcart"
            ],
            [
                "view_productcart",
                "transaction",
                "productcart"
            ],
            [
                "add_customer",
                "user",
                "customer"
            ],
            [
                "change_customer",
                "user",
                "customer"
            ],
            [
                "delete_customer",
                "user",
                "customer"
            ],
            [
                "view_customer",
                "user",
                "customer"
            ],
            [
                "add_user",
                "user",
                "user"
            ],
            [
                "change_user",
                "user",
                "user"
            ],
            [
                "delete_user",
                "user",
                "user"
            ],
            [
                "view_user",
                "user",
                "user"
            ]
        ]
    }
},
{
    "model": "user.customer",
    "pk": 2,
    "fields": {
        "user": [
            "admin@admin.com"
        ],
        "phone_number": "09123456789",
        "profile_image": "profile_images/i4_5m9trd1.jpg"
    }
},
{
    "model": "user.customer",
    "pk": 3,
    "fields": {
        "user": [
            "admin2@admin.com"
        ],
        "phone_number": "098765431",
        "profile_image": "profile_images/i2.jpg"
    }
},
{
    "model": "user.customer",
    "pk": 4,
    "fields": {
        "user": [
            "mohammad@m.com"
        ],
        "phone_number": "09361234567",
        "profile_image": "profile_images/c2.jpg"
    }
},
{
    "model": "transaction.cart",
    "pk": 1,
    "fields": {
        "customer": 2,
        "created_at": "2025-11-08T13:45:35.874Z",
        "updated_at": "2025-12-16T06:29:09.039Z",
        "is_ordered": true
    }
},
{
    "model": "transaction.cart",
    "pk": 2,
    "fields": {
        "customer": 4,
        "created_at": "2025-12-16T06:39:56.574Z",
        "updated_at": "2025-12-16T06:39:56.574Z",
        "is_ordered": false
    }
},
{
    "model": "transaction.productcart",
    "pk": 37,
    "fields": {
        "cart": 1,
        "product": 4,
        "quantity": 2
    }
},
{
    "model": "transaction.productcart",
    "pk": 38,
    "fields": {
        "cart": 1,
        "product": 3,
        "quantity": 9
    }
},
{
    "model": "transaction.productcart",
    "pk": 39,
    "fields": {
        "cart": 1,
        "product": 7,
        "quantity": 1
    }
},
{
    "model": "transaction.productcart",
    "pk": 40,
    "fields": {
        "cart": 1,
        "product": 5,
        "quantity": 1
    }
},
{
    "model": "transaction.productcart",
    "pk": 41,
    "fields": {
        "cart": 1,
        "product": 6,
        "quantity": 1
    }
},
{
    "model": "transaction.productcart",
    "pk": 42,
    "fields": {
        "cart": 2,
        "product": 3,
        "quantity": 1
    }
},
{
    "model": "transaction.productcart",
    "pk": 43,
    "fields": {
        "cart": 1,
        "product": 13,
        "quantity": 1
    }
},
{
    "model": "transaction.billingdetails",
    "pk": 1,
    "fields": {
        "user": null,
        "phone_number": "9361234567",
        "country": "Iran",
        "city": "Tehran",
        "address_line1": "Tehran-Eslamshahr",
        "address_line2": "Vavan",
        "postal_code": "12345678",
        "created_at": "2025-11-08T14:32:08.437Z"
    }
},
{
    "model": "transaction.billingdetails",
    "pk": 3,
    "fields": {
        "user": null,
        "phone_number": "912345678",
        "country": "Country",
        "city": "tehran",
        "address_line1": "vavan",
        "address_line2": "vavan",
        "postal_code": "12345678",
        "created_at": "2025-11-15T12:48:21.021Z"
    }
},
{
    "model": "transaction.billingdetails",
    "pk": 4,
    "fields": {
        "user": null,
        "phone_number": "9361234567",
        "country": "Iran",
        "city": "vanak",
        "address_line1": "vavan",
        "address_line2": "vanak1",
        "postal_code": "12345678",
        "created_at": "2025-12-16T06:29:09.037Z"
    }
},
{
    "model": "blog.blogcategory",
    "pk": 1,
    "fields": {
        "name": "Food"
    }
},
{
    "model": "blog.blogcategory",
    "pk": 2,
    "fields": {
        "name": "Vacation"
    }
},
{
    "model": "blog.blogcategory",
    "pk": 3,
    "fields": {
        "name": "Food, Technology, Politics, Lifestyle"
    }
},
{
    "model": "blog.blog",
    "pk": 4,
    "fields": {
        "title": "The Basics Of Buying A Telescope",
        "body": "<p>MCSE boot camps have its supporters and its detractors. Some people do not understand why you should have to spend money on boot camp when you can get the MCSE study materials yourself at a fraction.</p>",
        "author": [
            "admin@admin.com"
        ],
        "category": 3,
        "image": "m-blog-2_1QP8DOu.jpg",
        "created_at": "2025-10-19T13:46:33.372Z"
    }
},
{
    "model": "blog.blog",
    "pk": 5,
    "fields": {
        "title": "The Glossary Of Telescopes",
        "body": "<p>MCSE boot camps have its supporters and its detractors. Some people do not understand why you should have to spend money on boot camp when you can get the MCSE study materials yourself at a fraction.</p>",
        "author": [
            "admin2@admin.com"
        ],
        "category": 3,
        "image": "m-blog-3.jpg",
        "created_at": "2025-10-19T13:47:27.246Z"
    }
},
{
    "model": "blog.blog",
    "pk": 7,
    "fields": {
        "title": "The Night Sky",
        "body": "<p>MCSE boot camps have its supporters and its detractors. Some people do not understand why you should have to spend money on boot camp when you can get the MCSE study materials yourself at a fraction.</p>",
        "author": [
            "admin@admin.com"
        ],
        "category": 2,
        "image": "feature-img1.jpg",
        "created_at": "2025-11-02T11:54:00.494Z"
    }
},
{
    "model": "blog.blog",
    "pk": 8,
    "fields": {
        "title": "Telescop 101",
        "body": "<p>MCSE boot camps have its supporters and its detractors. Some people do not understand why you should have to spend money on boot camp when you can get the MCSE study materials yourself at a fraction.</p>",
        "author": [
            "admin2@admin.com"
        ],
        "category": 3,
        "image": "m-blog-5.jpg",
        "created_at": "2025-11-02T11:56:15.629Z"
    }
},
{
    "model": "blog.blog",
    "pk": 9,
    "fields": {
        "title": "Mountain",
        "body": "<p>MCSE boot camps have its supporters and its detractors. Some people do not understand why you should have to spend money on boot camp when you can get the MCSE study materials yourself at a fraction.</p>",
        "author": [
            "admin@admin.com"
        ],
        "category": 2,
        "image": "l-post-2.jpg",
        "created_at": "2025-11-02T11:59:14.070Z"
    }
},
{
    "model": "blog.blogcomment",
    "pk": 4,
    "fields": {
        "user": [
            "admin@admin.com"
        ],
        "blog": 4,
        "body": "what the green trees",
        "created_at": "2025-11-02T10:32:33.084Z"
    }
},
{
    "model": "blog.blogcomment",
    "pk": 5,
    "fields": {
        "user": [
            "admin2@admin.com"
        ],
        "blog": 4,
        "body": "the best way",
        "created_at": "2025-11-02T10:34:05.281Z"
    }
},
{
    "model": "blog.blogcomment",
    "pk": 6,
    "fields": {
        "user": [
            "admin@admin.com"
        ],
        "blog": 5,
        "body": "happy for yours",
        "created_at": "2025-11-02T10:36:27.851Z"
    }
},
{
    "model": "blog.blogcomment",
    "pk": 7,
    "fields": {
        "user": [
            "admin2@admin.com"
        ],
        "blog": 5,
        "body": "the best couple",
        "created_at": "2025-11-02T10:37:49.360Z"
    }
},
{
    "model": "blog.blogcomment",
    "pk": 12,
    "fields": {
        "user": [
            "admin@admin.com"
        ],
        "blog": 9,
        "body": "the good day",
        "created_at": "2025-11-09T13:59:22.980Z"
    }
},
{
    "model": "blog.blogcomment",
    "pk": 13,
    "fields": {
        "user": [
            "mohammad@m.com"
        ],
        "blog": 7,
        "body": "the good day",
        "created_at": "2025-11-09T14:00:22.618Z"
    }
},
{
    "model": "blog.blogtag",
    "pk": 4,
    "fields": {
        "name": "Tree",
        "blog": 4
    }
},
{
    "model": "blog.blogtag",
    "pk": 5,
    "fields": {
        "name": "Nature",
        "blog": 4
    }
},
{
    "model": "blog.blogtag",
    "pk": 6,
    "fields": {
        "name": "Wedding",
        "blog": 5
    }
},
{
    "model": "blog.blogtag",
    "pk": 7,
    "fields": {
        "name": "Honeymoon",
        "blog": 5
    }
},
{
    "model": "blog.blogtag",
    "pk": 10,
    "fields": {
        "name": "city",
        "blog": 8
    }
},
{
    "model": "product.brand",
    "pk": 3,
    "fields": {
        "name": "addidas"
    }
},
{
    "model": "product.brand",
    "pk": 4,
    "fields": {
        "name": "brooks"
    }
},
{
    "model": "product.brand",
    "pk": 5,
    "fields": {
        "name": "nike"
    }
},
{
    "model": "product.brand",
    "pk": 6,
    "fields": {
        "name": "puma"
    }
},
{
    "model": "product.color",
    "pk": 1,
    "fields": {
        "name": "black"
    }
},
{
    "model": "product.color",
    "pk": 2,
    "fields": {
        "name": "white"
    }
},
{
    "model": "product.color",
    "pk": 3,
    "fields": {
        "name": "red"
    }
},
{
    "model": "product.color",
    "pk": 4,
    "fields": {
        "name": "yellow"
    }
},
{
    "model": "product.color",
    "pk": 5,
    "fields": {
        "name": "orange"
    }
},
{
    "model": "product.productcategory",
    "pk": 3,
    "fields": {
        "name": "boots"
    }
},
{
    "model": "product.productcategory",
    "pk": 4,
    "fields": {
        "name": "boat shoes"
    }
},
{
    "model": "product.productcategory",
    "pk": 5,
    "fields": {
        "name": "comfort shoes"
    }
},
{
    "model": "product.productcategory",
    "pk": 6,
    "fields": {
        "name": "hiking shoes"
    }
},
{
    "model": "product.productcategory",
    "pk": 7,
    "fields": {
        "name": "sports"
    }
},
{
    "model": "product.product",
    "pk": 3,
    "fields": {
        "name": "Men’s Waterproof Garden Shoes Rain Boots Slip-On Footwear",
        "original_price": "185.00",
        "off_price": "124.00",
        "description": "Mill Oil is an innovative oil filled radiator with the most modern technology.\n        If you are looking for something that can make your interior look awesome,\n        and at the same time give you the pleasant warm feeling during the winter.",
        "image": "p1_bKcq77D.jpg",
        "availability": 15,
        "brand": 4,
        "color": 5,
        "category": 5
    }
},
{
    "model": "product.product",
    "pk": 4,
    "fields": {
        "name": "Steel Toe Shoes for Men Comfortable Indestructible Safety Work Boots for Men",
        "original_price": "187.00",
        "off_price": "111.00",
        "description": "Mill Oil is an innovative oil filled radiator with the most modern technology.\r\n        If you are looking for something that can make your interior look awesome,\r\n        and at the same time give you the pleasant warm feeling during the winter.",
        "image": "p1_FIim1DW.jpg",
        "availability": 0,
        "brand": 4,
        "color": 4,
        "category": 5
    }
},
{
    "model": "product.product",
    "pk": 5,
    "fields": {
        "name": "Men’s Waterproof Garden Shoes Rain Boots Slip-On Footwear",
        "original_price": "166.00",
        "off_price": "131.00",
        "description": "Mill Oil is an innovative oil filled radiator with the most modern technology.\n        If you are looking for something that can make your interior look awesome,\n        and at the same time give you the pleasant warm feeling during the winter.",
        "image": "p6_o2Ut2gk.jpg",
        "availability": 20,
        "brand": 4,
        "color": 2,
        "category": 6
    }
},
{
    "model": "product.product",
    "pk": 6,
    "fields": {
        "name": "THESTRON Men Golf Shoes Mesh Breathable Breathable Golf Walking",
        "original_price": "179.00",
        "off_price": "129.00",
        "description": "Mill Oil is an innovative oil filled radiator with the most modern technology.\n        If you are looking for something that can make your interior look awesome,\n        and at the same time give you the pleasant warm feeling during the winter.",
        "image": "p7_CPLOCF7.jpg",
        "availability": 11,
        "brand": 6,
        "color": 2,
        "category": 7
    }
},
{
    "model": "product.product",
    "pk": 7,
    "fields": {
        "name": "HOKA Men's Bondi 9 Sneaker",
        "original_price": "178.00",
        "off_price": "135.00",
        "description": "Mill Oil is an innovative oil filled radiator with the most modern technology.\n        If you are looking for something that can make your interior look awesome,\n        and at the same time give you the pleasant warm feeling during the winter.",
        "image": "p4_IcyIGs9.jpg",
        "availability": 11,
        "brand": 3,
        "color": 4,
        "category": 7
    }
},
{
    "model": "product.product",
    "pk": 8,
    "fields": {
        "name": "THESTRON Men Golf Shoes Mesh Breathable Breathable Golf Walking",
        "original_price": "157.00",
        "off_price": "118.00",
        "description": "Mill Oil is an innovative oil filled radiator with the most modern technology.\n        If you are looking for something that can make your interior look awesome,\n        and at the same time give you the pleasant warm feeling during the winter.",
        "image": "p8_LK5Cv9R.jpg",
        "availability": 17,
        "brand": 4,
        "color": 2,
        "category": 4
    }
},
{
    "model": "product.product",
    "pk": 9,
    "fields": {
        "name": "HOKA Men's Bondi 9 Sneaker",
        "original_price": "151.00",
        "off_price": "133.00",
        "description": "Mill Oil is an innovative oil filled radiator with the most modern technology.\n        If you are looking for something that can make your interior look awesome,\n        and at the same time give you the pleasant warm feeling during the winter.",
        "image": "p8_BecS2kg.jpg",
        "availability": 17,
        "brand": 5,
        "color": 4,
        "category": 5
    }
},
{
    "model": "product.product",
    "pk": 10,
    "fields": {
        "name": "THESTRON Men Golf Shoes Mesh Breathable Breathable Golf Walking",
        "original_price": "188.00",
        "off_price": "141.00",
        "description": "Mill Oil is an innovative oil filled radiator with the most modern technology.\n        If you are looking for something that can make your interior look awesome,\n        and at the same time give you the pleasant warm feeling during the winter.",
        "image": "p2_lqSshzI.jpg",
        "availability": 22,
        "brand": 3,
        "color": 3,
        "category": 4
    }
},
{
    "model": "product.product",
    "pk": 11,
    "fields": {
        "name": "Men’s Waterproof Garden Shoes Rain Boots Slip-On Footwear",
        "original_price": "180.00",
        "off_price": "112.00",
        "description": "Mill Oil is an innovative oil filled radiator with the most modern technology.\n        If you are looking for something that can make your interior look awesome,\n        and at the same time give you the pleasant warm feeling during the winter.",
        "image": "p5_7TaM2BC.jpg",
        "availability": 12,
        "brand": 4,
        "color": 3,
        "category": 3
    }
},
{
    "model": "product.product",
    "pk": 12,
    "fields": {
        "name": "THESTRON Men Golf Shoes Mesh Breathable Breathable Golf Walking",
        "original_price": "150.00",
        "off_price": "123.00",
        "description": "Mill Oil is an innovative oil filled radiator with the most modern technology.\n        If you are looking for something that can make your interior look awesome,\n        and at the same time give you the pleasant warm feeling during the winter.",
        "image": "p8_qhlFTWF.jpg",
        "availability": 29,
        "brand": 5,
        "color": 5,
        "category": 4
    }
},
{
    "model": "product.product",
    "pk": 13,
    "fields": {
        "name": "HOKA Men's Bondi 9 Sneaker",
        "original_price": "163.00",
        "off_price": "115.00",
        "description": "Mill Oil is an innovative oil filled radiator with the most modern technology.\n        If you are looking for something that can make your interior look awesome,\n        and at the same time give you the pleasant warm feeling during the winter.",
        "image": "p2_iTEbEuv.jpg",
        "availability": 20,
        "brand": 5,
        "color": 1,
        "category": 5
    }
},
{
    "model": "product.product",
    "pk": 14,
    "fields": {
        "name": "HOKA Men's Bondi 9 Sneaker",
        "original_price": "155.00",
        "off_price": "122.00",
        "description": "Mill Oil is an innovative oil filled radiator with the most modern technology.\n        If you are looking for something that can make your interior look awesome,\n        and at the same time give you the pleasant warm feeling during the winter.",
        "image": "p3_ZiICNWs.jpg",
        "availability": 19,
        "brand": 3,
        "color": 3,
        "category": 4
    }
},
{
    "model": "product.product",
    "pk": 15,
    "fields": {
        "name": "Men’s Waterproof Garden Shoes Rain Boots Slip-On Footwear",
        "original_price": "163.00",
        "off_price": "117.00",
        "description": "Mill Oil is an innovative oil filled radiator with the most modern technology.\n        If you are looking for something that can make your interior look awesome,\n        and at the same time give you the pleasant warm feeling during the winter.",
        "image": "p7_jmHwCdT.jpg",
        "availability": 13,
        "brand": 4,
        "color": 3,
        "category": 3
    }
},
{
    "model": "product.product",
    "pk": 16,
    "fields": {
        "name": "Steel Toe Shoes for Men Comfortable Indestructible Safety Work Boots for Men",
        "original_price": "172.00",
        "off_price": "118.00",
        "description": "Mill Oil is an innovative oil filled radiator with the most modern technology.\n        If you are looking for something that can make your interior look awesome,\n        and at the same time give you the pleasant warm feeling during the winter.",
        "image": "p1_xxTDWor.jpg",
        "availability": 12,
        "brand": 6,
        "color": 5,
        "category": 5
    }
},
{
    "model": "product.product",
    "pk": 17,
    "fields": {
        "name": "THESTRON Men Golf Shoes Mesh Breathable Breathable Golf Walking",
        "original_price": "158.00",
        "off_price": "145.00",
        "description": "Mill Oil is an innovative oil filled radiator with the most modern technology.\n        If you are looking for something that can make your interior look awesome,\n        and at the same time give you the pleasant warm feeling during the winter.",
        "image": "p5_5cUXhBU.jpg",
        "availability": 13,
        "brand": 4,
        "color": 2,
        "category": 6
    }
},
{
    "model": "product.product",
    "pk": 18,
    "fields": {
        "name": "Water Shoes Wide Width for Women Men Swim Beach Barefoot Shoes",
        "original_price": "156.00",
        "off_price": "121.00",
        "description": "Mill Oil is an innovative oil filled radiator with the most modern technology.\n        If you are looking for something that can make your interior look awesome,\n        and at the same time give you the pleasant warm feeling during the winter.",
        "image": "p4_KUfxs07.jpg",
        "availability": 13,
        "brand": 3,
        "color": 3,
        "category": 5
    }
},
{
    "model": "product.product",
    "pk": 19,
    "fields": {
        "name": "Water Shoes Wide Width for Women Men Swim Beach Barefoot Shoes",
        "original_price": "176.00",
        "off_price": "130.00",
        "description": "Mill Oil is an innovative oil filled radiator with the most modern technology.\n        If you are looking for something that can make your interior look awesome,\n        and at the same time give you the pleasant warm feeling during the winter.",
        "image": "p7_oS24FVS.jpg",
        "availability": 19,
        "brand": 5,
        "color": 2,
        "category": 6
    }
},
{
    "model": "product.product",
    "pk": 20,
    "fields": {
        "name": "HOKA Men's Bondi 9 Sneaker",
        "original_price": "160.00",
        "off_price": "147.00",
        "description": "Mill Oil is an innovative oil filled radiator with the most modern technology.\n        If you are looking for something that can make your interior look awesome,\n        and at the same time give you the pleasant warm feeling during the winter.",
        "image": "e-p1_rVvQqpU.png",
        "availability": 11,
        "brand": 4,
        "color": 4,
        "category": 6
    }
},
{
    "model": "product.product",
    "pk": 21,
    "fields": {
        "name": "HOKA Men's Bondi 9 Sneaker",
        "original_price": "168.00",
        "off_price": "139.00",
        "description": "Mill Oil is an innovative oil filled radiator with the most modern technology.\n        If you are looking for something that can make your interior look awesome,\n        and at the same time give you the pleasant warm feeling during the winter.",
        "image": "p1_fXnfATl.jpg",
        "availability": 20,
        "brand": 5,
        "color": 1,
        "category": 5
    }
},
{
    "model": "product.product",
    "pk": 22,
    "fields": {
        "name": "Men’s Waterproof Garden Shoes Rain Boots Slip-On Footwear",
        "original_price": "170.00",
        "off_price": "140.00",
        "description": "Mill Oil is an innovative oil filled radiator with the most modern technology.\n        If you are looking for something that can make your interior look awesome,\n        and at the same time give you the pleasant warm feeling during the winter.",
        "image": "p3_SxtbArO.jpg",
        "availability": 18,
        "brand": 6,
        "color": 4,
        "category": 6
    }
},
{
    "model": "product.product",
    "pk": 23,
    "fields": {
        "name": "addidas New Hammer sole for Sports person",
        "original_price": "193.00",
        "off_price": "106.00",
        "description": "Mill Oil is an innovative oil filled radiator with the most modern technology.\n        If you are looking for something that can make your interior look awesome,\n        and at the same time give you the pleasant warm feeling during the winter.",
        "image": "e-p1_nBHe7oQ.png",
        "availability": 10,
        "brand": 4,
        "color": 1,
        "category": 3
    }
},
{
    "model": "product.product",
    "pk": 24,
    "fields": {
        "name": "Water Shoes Wide Width for Women Men Swim Beach Barefoot Shoes",
        "original_price": "181.00",
        "off_price": "107.00",
        "description": "Mill Oil is an innovative oil filled radiator with the most modern technology.\n        If you are looking for something that can make your interior look awesome,\n        and at the same time give you the pleasant warm feeling during the winter.",
        "image": "p8_lrwlnHF.jpg",
        "availability": 18,
        "brand": 6,
        "color": 2,
        "category": 6
    }
},
{
    "model": "product.product",
    "pk": 25,
    "fields": {
        "name": "addidas New Hammer sole for Sports person",
        "original_price": "162.00",
        "off_price": "121.00",
        "description": "Mill Oil is an innovative oil filled radiator with the most modern technology.\n        If you are looking for something that can make your interior look awesome,\n        and at the same time give you the pleasant warm feeling during the winter.",
        "image": "e-p1_xqtFuyQ.png",
        "availability": 11,
        "brand": 6,
        "color": 3,
        "category": 3
    }
},
{
    "model": "product.product",
    "pk": 26,
    "fields": {
        "name": "addidas New Hammer sole for Sports person",
        "original_price": "170.00",
        "off_price": "134.00",
        "description": "Mill Oil is an innovative oil filled radiator with the most modern technology.\n        If you are looking for something that can make your interior look awesome,\n        and at the same time give you the pleasant warm feeling during the winter.",
        "image": "p7_8MoCgMb.jpg",
        "availability": 26,
        "brand": 3,
        "color": 1,
        "category": 3
    }
},
{
    "model": "product.product",
    "pk": 27,
    "fields": {
        "name": "addidas New Hammer sole for Sports person",
        "original_price": "169.00",
        "off_price": "124.00",
        "description": "Mill Oil is an innovative oil filled radiator with the most modern technology.\n        If you are looking for something that can make your interior look awesome,\n        and at the same time give you the pleasant warm feeling during the winter.",
        "image": "p2_UsMdG0u.jpg",
        "availability": 10,
        "brand": 4,
        "color": 4,
        "category": 7
    }
},
{
    "model": "product.product",
    "pk": 28,
    "fields": {
        "name": "Steel Toe Shoes for Men Comfortable Indestructible Safety Work Boots for Men",
        "original_price": "165.00",
        "off_price": "127.00",
        "description": "Mill Oil is an innovative oil filled radiator with the most modern technology.\n        If you are looking for something that can make your interior look awesome,\n        and at the same time give you the pleasant warm feeling during the winter.",
        "image": "p8_C6fAPzV.jpg",
        "availability": 14,
        "brand": 4,
        "color": 5,
        "category": 5
    }
},
{
    "model": "product.product",
    "pk": 29,
    "fields": {
        "name": "Men’s Waterproof Garden Shoes Rain Boots Slip-On Footwear",
        "original_price": "165.00",
        "off_price": "123.00",
        "description": "Mill Oil is an innovative oil filled radiator with the most modern technology.\n        If you are looking for something that can make your interior look awesome,\n        and at the same time give you the pleasant warm feeling during the winter.",
        "image": "p8_qu9EZ96.jpg",
        "availability": 11,
        "brand": 4,
        "color": 2,
        "category": 7
    }
},
{
    "model": "product.product",
    "pk": 30,
    "fields": {
        "name": "Men’s Waterproof Garden Shoes Rain Boots Slip-On Footwear",
        "original_price": "182.00",
        "off_price": "100.00",
        "description": "Mill Oil is an innovative oil filled radiator with the most modern technology.\n        If you are looking for something that can make your interior look awesome,\n        and at the same time give you the pleasant warm feeling during the winter.",
        "image": "p8_CEuQQVy.jpg",
        "availability": 25,
        "brand": 5,
        "color": 1,
        "category": 5
    }
},
{
    "model": "product.product",
    "pk": 31,
    "fields": {
        "name": "Steel Toe Shoes for Men Comfortable Indestructible Safety Work Boots for Men",
        "original_price": "162.00",
        "off_price": "105.00",
        "description": "Mill Oil is an innovative oil filled radiator with the most modern technology.\n        If you are looking for something that can make your interior look awesome,\n        and at the same time give you the pleasant warm feeling during the winter.",
        "image": "p3_cDOeysi.jpg",
        "availability": 18,
        "brand": 3,
        "color": 2,
        "category": 4
    }
},
{
    "model": "product.product",
    "pk": 32,
    "fields": {
        "name": "HOKA Men's Bondi 9 Sneaker",
        "original_price": "193.00",
        "off_price": "125.00",
        "description": "Mill Oil is an innovative oil filled radiator with the most modern technology.\n        If you are looking for something that can make your interior look awesome,\n        and at the same time give you the pleasant warm feeling during the winter.",
        "image": "p3_gZTFtfN.jpg",
        "availability": 25,
        "brand": 4,
        "color": 3,
        "category": 6
    }
},
{
    "model": "product.product",
    "pk": 33,
    "fields": {
        "name": "HOKA Men's Bondi 9 Sneaker",
        "original_price": "151.00",
        "off_price": "144.00",
        "description": "Mill Oil is an innovative oil filled radiator with the most modern technology.\n        If you are looking for something that can make your interior look awesome,\n        and at the same time give you the pleasant warm feeling during the winter.",
        "image": "e-p1_C9ieSOL.png",
        "availability": 19,
        "brand": 3,
        "color": 5,
        "category": 3
    }
},
{
    "model": "product.product",
    "pk": 34,
    "fields": {
        "name": "THESTRON Men Golf Shoes Mesh Breathable Breathable Golf Walking",
        "original_price": "186.00",
        "off_price": "131.00",
        "description": "Mill Oil is an innovative oil filled radiator with the most modern technology.\n        If you are looking for something that can make your interior look awesome,\n        and at the same time give you the pleasant warm feeling during the winter.",
        "image": "p1_kudgpFV.jpg",
        "availability": 22,
        "brand": 4,
        "color": 4,
        "category": 6
    }
},
{
    "model": "product.product",
    "pk": 35,
    "fields": {
        "name": "HOKA Men's Bondi 9 Sneaker",
        "original_price": "152.00",
        "off_price": "137.00",
        "description": "Mill Oil is an innovative oil filled radiator with the most modern technology.\n        If you are looking for something that can make your interior look awesome,\n        and at the same time give you the pleasant warm feeling during the winter.",
        "image": "e-p1_ua5dgvx.png",
        "availability": 11,
        "brand": 4,
        "color": 1,
        "category": 5
    }
},
{
    "model": "product.product",
    "pk": 36,
    "fields": {
        "name": "HOKA Men's Bondi 9 Sneaker",
        "original_price": "190.00",
        "off_price": "124.00",
        "description": "Mill Oil is an innovative oil filled radiator with the most modern technology.\n        If you are looking for something that can make your interior look awesome,\n        and at the same time give you the pleasant warm feeling during the winter.",
        "image": "p1_sJjUIKN.jpg",
        "availability": 16,
        "brand": 4,
        "color": 3,
        "category": 5
    }
},
{
    "model": "product.product",
    "pk": 37,
    "fields": {
        "name": "THESTRON Men Golf Shoes Mesh Breathable Breathable Golf Walking",
        "original_price": "184.00",
        "off_price": "130.00",
        "description": "Mill Oil is an innovative oil filled radiator with the most modern technology.\n        If you are looking for something that can make your interior look awesome,\n        and at the same time give you the pleasant warm feeling during the winter.",
        "image": "p5_xzj1Qq2.jpg",
        "availability": 14,
        "brand": 5,
        "color": 3,
        "category": 6
    }
},
{
    "model": "product.product",
    "pk": 38,
    "fields": {
        "name": "HOKA Men's Bondi 9 Sneaker",
        "original_price": "160.00",
        "off_price": "133.00",
        "description": "Mill Oil is an innovative oil filled radiator with the most modern technology.\n        If you are looking for something that can make your interior look awesome,\n        and at the same time give you the pleasant warm feeling during the winter.",
        "image": "p4_oAsNZKA.jpg",
        "availability": 10,
        "brand": 6,
        "color": 2,
        "category": 3
    }
},
{
    "model": "product.product",
    "pk": 39,
    "fields": {
        "name": "Water Shoes Wide Width for Women Men Swim Beach Barefoot Shoes",
        "original_price": "167.00",
        "off_price": "126.00",
        "description": "Mill Oil is an innovative oil filled radiator with the most modern technology.\n        If you are looking for something that can make your interior look awesome,\n        and at the same time give you the pleasant warm feeling during the winter.",
        "image": "p6_xr3uUOI.jpg",
        "availability": 13,
        "brand": 3,
        "color": 5,
        "category": 4
    }
},
{
    "model": "product.product",
    "pk": 40,
    "fields": {
        "name": "Water Shoes Wide Width for Women Men Swim Beach Barefoot Shoes",
        "original_price": "185.00",
        "off_price": "131.00",
        "description": "Mill Oil is an innovative oil filled radiator with the most modern technology.\n        If you are looking for something that can make your interior look awesome,\n        and at the same time give you the pleasant warm feeling during the winter.",
        "image": "p8_QgpitP6.jpg",
        "availability": 23,
        "brand": 6,
        "color": 4,
        "category": 3
    }
},
{
    "model": "product.product",
    "pk": 41,
    "fields": {
        "name": "Water Shoes Wide Width for Women Men Swim Beach Barefoot Shoes",
        "original_price": "170.00",
        "off_price": "102.00",
        "description": "Mill Oil is an innovative oil filled radiator with the most modern technology.\n        If you are looking for something that can make your interior look awesome,\n        and at the same time give you the pleasant warm feeling during the winter.",
        "image": "e-p1_OZr9V67.png",
        "availability": 22,
        "brand": 4,
        "color": 5,
        "category": 3
    }
},
{
    "model": "product.product",
    "pk": 42,
    "fields": {
        "name": "Water Shoes Wide Width for Women Men Swim Beach Barefoot Shoes",
        "original_price": "174.00",
        "off_price": "146.00",
        "description": "Mill Oil is an innovative oil filled radiator with the most modern technology.\n        If you are looking for something that can make your interior look awesome,\n        and at the same time give you the pleasant warm feeling during the winter.",
        "image": "p3_wkKBHIk.jpg",
        "availability": 27,
        "brand": 4,
        "color": 5,
        "category": 6
    }
},
{
    "model": "product.product",
    "pk": 43,
    "fields": {
        "name": "Steel Toe Shoes for Men Comfortable Indestructible Safety Work Boots for Men",
        "original_price": "182.00",
        "off_price": "148.00",
        "description": "Mill Oil is an innovative oil filled radiator with the most modern technology.\n        If you are looking for something that can make your interior look awesome,\n        and at the same time give you the pleasant warm feeling during the winter.",
        "image": "p3_NfBiOVH.jpg",
        "availability": 28,
        "brand": 4,
        "color": 3,
        "category": 7
    }
},
{
    "model": "product.product",
    "pk": 44,
    "fields": {
        "name": "addidas New Hammer sole for Sports person",
        "original_price": "196.00",
        "off_price": "131.00",
        "description": "Mill Oil is an innovative oil filled radiator with the most modern technology.\n        If you are looking for something that can make your interior look awesome,\n        and at the same time give you the pleasant warm feeling during the winter.",
        "image": "p3_bleGies.jpg",
        "availability": 23,
        "brand": 3,
        "color": 2,
        "category": 4
    }
},
{
    "model": "product.product",
    "pk": 45,
    "fields": {
        "name": "Water Shoes Wide Width for Women Men Swim Beach Barefoot Shoes",
        "original_price": "170.00",
        "off_price": "101.00",
        "description": "Mill Oil is an innovative oil filled radiator with the most modern technology.\n        If you are looking for something that can make your interior look awesome,\n        and at the same time give you the pleasant warm feeling during the winter.",
        "image": "p8_TWQwVJX.jpg",
        "availability": 19,
        "brand": 5,
        "color": 1,
        "category": 3
    }
},
{
    "model": "product.product",
    "pk": 46,
    "fields": {
        "name": "HOKA Men's Bondi 9 Sneaker",
        "original_price": "183.00",
        "off_price": "141.00",
        "description": "Mill Oil is an innovative oil filled radiator with the most modern technology.\n        If you are looking for something that can make your interior look awesome,\n        and at the same time give you the pleasant warm feeling during the winter.",
        "image": "e-p1_bGPE6fB.png",
        "availability": 25,
        "brand": 5,
        "color": 1,
        "category": 7
    }
},
{
    "model": "product.product",
    "pk": 47,
    "fields": {
        "name": "THESTRON Men Golf Shoes Mesh Breathable Breathable Golf Walking",
        "original_price": "196.00",
        "off_price": "127.00",
        "description": "Mill Oil is an innovative oil filled radiator with the most modern technology.\n        If you are looking for something that can make your interior look awesome,\n        and at the same time give you the pleasant warm feeling during the winter.",
        "image": "p5_cteiDcc.jpg",
        "availability": 14,
        "brand": 5,
        "color": 4,
        "category": 5
    }
},
{
    "model": "product.product",
    "pk": 48,
    "fields": {
        "name": "Men’s Waterproof Garden Shoes Rain Boots Slip-On Footwear",
        "original_price": "157.00",
        "off_price": "107.00",
        "description": "Mill Oil is an innovative oil filled radiator with the most modern technology.\n        If you are looking for something that can make your interior look awesome,\n        and at the same time give you the pleasant warm feeling during the winter.",
        "image": "p1_lTpId5b.jpg",
        "availability": 25,
        "brand": 3,
        "color": 1,
        "category": 7
    }
},
{
    "model": "product.product",
    "pk": 49,
    "fields": {
        "name": "Water Shoes Wide Width for Women Men Swim Beach Barefoot Shoes",
        "original_price": "153.00",
        "off_price": "132.00",
        "description": "Mill Oil is an innovative oil filled radiator with the most modern technology.\n        If you are looking for something that can make your interior look awesome,\n        and at the same time give you the pleasant warm feeling during the winter.",
        "image": "e-p1_3sf4t2e.png",
        "availability": 29,
        "brand": 6,
        "color": 2,
        "category": 4
    }
},
{
    "model": "product.product",
    "pk": 50,
    "fields": {
        "name": "HOKA Men's Bondi 9 Sneaker",
        "original_price": "157.00",
        "off_price": "102.00",
        "description": "Mill Oil is an innovative oil filled radiator with the most modern technology.\n        If you are looking for something that can make your interior look awesome,\n        and at the same time give you the pleasant warm feeling during the winter.",
        "image": "p5_uBwJ0OJ.jpg",
        "availability": 10,
        "brand": 4,
        "color": 3,
        "category": 7
    }
},
{
    "model": "product.product",
    "pk": 51,
    "fields": {
        "name": "THESTRON Men Golf Shoes Mesh Breathable Breathable Golf Walking",
        "original_price": "187.00",
        "off_price": "134.00",
        "description": "Mill Oil is an innovative oil filled radiator with the most modern technology.\n        If you are looking for something that can make your interior look awesome,\n        and at the same time give you the pleasant warm feeling during the winter.",
        "image": "p8_2ACNFc0.jpg",
        "availability": 21,
        "brand": 4,
        "color": 3,
        "category": 7
    }
},
{
    "model": "product.product",
    "pk": 52,
    "fields": {
        "name": "THESTRON Men Golf Shoes Mesh Breathable Breathable Golf Walking",
        "original_price": "190.00",
        "off_price": "116.00",
        "description": "Mill Oil is an innovative oil filled radiator with the most modern technology.\n        If you are looking for something that can make your interior look awesome,\n        and at the same time give you the pleasant warm feeling during the winter.",
        "image": "p2_qVc8g1z.jpg",
        "availability": 14,
        "brand": 4,
        "color": 3,
        "category": 5
    }
},
{
    "model": "product.product",
    "pk": 53,
    "fields": {
        "name": "addidas New Hammer sole for Sports person",
        "original_price": "159.00",
        "off_price": "128.00",
        "description": "Mill Oil is an innovative oil filled radiator with the most modern technology.\n        If you are looking for something that can make your interior look awesome,\n        and at the same time give you the pleasant warm feeling during the winter.",
        "image": "p4_O08EFUG.jpg",
        "availability": 25,
        "brand": 3,
        "color": 1,
        "category": 7
    }
},
{
    "model": "product.product",
    "pk": 54,
    "fields": {
        "name": "addidas New Hammer sole for Sports person",
        "original_price": "192.00",
        "off_price": "110.00",
        "description": "Mill Oil is an innovative oil filled radiator with the most modern technology.\n        If you are looking for something that can make your interior look awesome,\n        and at the same time give you the pleasant warm feeling during the winter.",
        "image": "p2_DEOhBga.jpg",
        "availability": 26,
        "brand": 5,
        "color": 1,
        "category": 4
    }
},
{
    "model": "product.product",
    "pk": 55,
    "fields": {
        "name": "Steel Toe Shoes for Men Comfortable Indestructible Safety Work Boots for Men",
        "original_price": "177.00",
        "off_price": "104.00",
        "description": "Mill Oil is an innovative oil filled radiator with the most modern technology.\n        If you are looking for something that can make your interior look awesome,\n        and at the same time give you the pleasant warm feeling during the winter.",
        "image": "p1_Byt288i.jpg",
        "availability": 15,
        "brand": 6,
        "color": 4,
        "category": 3
    }
},
{
    "model": "product.product",
    "pk": 56,
    "fields": {
        "name": "THESTRON Men Golf Shoes Mesh Breathable Breathable Golf Walking",
        "original_price": "199.00",
        "off_price": "138.00",
        "description": "Mill Oil is an innovative oil filled radiator with the most modern technology.\n        If you are looking for something that can make your interior look awesome,\n        and at the same time give you the pleasant warm feeling during the winter.",
        "image": "p2_NlhX0WD.jpg",
        "availability": 25,
        "brand": 3,
        "color": 5,
        "category": 3
    }
},
{
    "model": "product.product",
    "pk": 57,
    "fields": {
        "name": "Water Shoes Wide Width for Women Men Swim Beach Barefoot Shoes",
        "original_price": "164.00",
        "off_price": "103.00",
        "description": "Mill Oil is an innovative oil filled radiator with the most modern technology.\n        If you are looking for something that can make your interior look awesome,\n        and at the same time give you the pleasant warm feeling during the winter.",
        "image": "e-p1_8QWkvtC.png",
        "availability": 21,
        "brand": 6,
        "color": 2,
        "category": 4
    }
},
{
    "model": "product.product",
    "pk": 58,
    "fields": {
        "name": "Water Shoes Wide Width for Women Men Swim Beach Barefoot Shoes",
        "original_price": "168.00",
        "off_price": "146.00",
        "description": "Mill Oil is an innovative oil filled radiator with the most modern technology.\n        If you are looking for something that can make your interior look awesome,\n        and at the same time give you the pleasant warm feeling during the winter.",
        "image": "p4_qQ8Ez1L.jpg",
        "availability": 17,
        "brand": 5,
        "color": 4,
        "category": 7
    }
},
{
    "model": "product.product",
    "pk": 59,
    "fields": {
        "name": "Water Shoes Wide Width for Women Men Swim Beach Barefoot Shoes",
        "original_price": "183.00",
        "off_price": "136.00",
        "description": "Mill Oil is an innovative oil filled radiator with the most modern technology.\n        If you are looking for something that can make your interior look awesome,\n        and at the same time give you the pleasant warm feeling during the winter.",
        "image": "p5_N5v0OWb.jpg",
        "availability": 12,
        "brand": 6,
        "color": 4,
        "category": 3
    }
},
{
    "model": "product.product",
    "pk": 60,
    "fields": {
        "name": "Water Shoes Wide Width for Women Men Swim Beach Barefoot Shoes",
        "original_price": "159.00",
        "off_price": "146.00",
        "description": "Mill Oil is an innovative oil filled radiator with the most modern technology.\n        If you are looking for something that can make your interior look awesome,\n        and at the same time give you the pleasant warm feeling during the winter.",
        "image": "p3_knv4Y5o.jpg",
        "availability": 24,
        "brand": 4,
        "color": 1,
        "category": 7
    }
},
{
    "model": "product.product",
    "pk": 61,
    "fields": {
        "name": "THESTRON Men Golf Shoes Mesh Breathable Breathable Golf Walking",
        "original_price": "160.00",
        "off_price": "108.00",
        "description": "Mill Oil is an innovative oil filled radiator with the most modern technology.\n        If you are looking for something that can make your interior look awesome,\n        and at the same time give you the pleasant warm feeling during the winter.",
        "image": "p7_OijCmMo.jpg",
        "availability": 28,
        "brand": 4,
        "color": 2,
        "category": 3
    }
},
{
    "model": "product.product",
    "pk": 62,
    "fields": {
        "name": "Steel Toe Shoes for Men Comfortable Indestructible Safety Work Boots for Men",
        "original_price": "155.00",
        "off_price": "143.00",
        "description": "Mill Oil is an innovative oil filled radiator with the most modern technology.\n        If you are looking for something that can make your interior look awesome,\n        and at the same time give you the pleasant warm feeling during the winter.",
        "image": "p2_5JsHkTa.jpg",
        "availability": 19,
        "brand": 3,
        "color": 2,
        "category": 6
    }
},
{
    "model": "product.product",
    "pk": 63,
    "fields": {
        "name": "Water Shoes Wide Width for Women Men Swim Beach Barefoot Shoes",
        "original_price": "195.00",
        "off_price": "119.00",
        "description": "Mill Oil is an innovative oil filled radiator with the most modern technology.\n        If you are looking for something that can make your interior look awesome,\n        and at the same time give you the pleasant warm feeling during the winter.",
        "image": "p8_oz7c5xs.jpg",
        "availability": 13,
        "brand": 6,
        "color": 2,
        "category": 4
    }
},
{
    "model": "product.product",
    "pk": 64,
    "fields": {
        "name": "Steel Toe Shoes for Men Comfortable Indestructible Safety Work Boots for Men",
        "original_price": "172.00",
        "off_price": "103.00",
        "description": "Mill Oil is an innovative oil filled radiator with the most modern technology.\n        If you are looking for something that can make your interior look awesome,\n        and at the same time give you the pleasant warm feeling during the winter.",
        "image": "p7_YlpWJOD.jpg",
        "availability": 22,
        "brand": 3,
        "color": 4,
        "category": 6
    }
},
{
    "model": "product.product",
    "pk": 65,
    "fields": {
        "name": "Men’s Waterproof Garden Shoes Rain Boots Slip-On Footwear",
        "original_price": "199.00",
        "off_price": "118.00",
        "description": "Mill Oil is an innovative oil filled radiator with the most modern technology.\n        If you are looking for something that can make your interior look awesome,\n        and at the same time give you the pleasant warm feeling during the winter.",
        "image": "p1_3v4H0qU.jpg",
        "availability": 29,
        "brand": 4,
        "color": 2,
        "category": 5
    }
},
{
    "model": "product.product",
    "pk": 66,
    "fields": {
        "name": "addidas New Hammer sole for Sports person",
        "original_price": "157.00",
        "off_price": "121.00",
        "description": "Mill Oil is an innovative oil filled radiator with the most modern technology.\n        If you are looking for something that can make your interior look awesome,\n        and at the same time give you the pleasant warm feeling during the winter.",
        "image": "p3_Z2me4Db.jpg",
        "availability": 24,
        "brand": 5,
        "color": 4,
        "category": 3
    }
},
{
    "model": "product.product",
    "pk": 67,
    "fields": {
        "name": "Water Shoes Wide Width for Women Men Swim Beach Barefoot Shoes",
        "original_price": "189.00",
        "off_price": "134.00",
        "description": "Mill Oil is an innovative oil filled radiator with the most modern technology.\n        If you are looking for something that can make your interior look awesome,\n        and at the same time give you the pleasant warm feeling during the winter.",
        "image": "e-p1_ATfllON.png",
        "availability": 25,
        "brand": 4,
        "color": 3,
        "category": 4
    }
},
{
    "model": "product.product",
    "pk": 68,
    "fields": {
        "name": "addidas New Hammer sole for Sports person",
        "original_price": "150.00",
        "off_price": "127.00",
        "description": "Mill Oil is an innovative oil filled radiator with the most modern technology.\n        If you are looking for something that can make your interior look awesome,\n        and at the same time give you the pleasant warm feeling during the winter.",
        "image": "p1_6u2umX2.jpg",
        "availability": 14,
        "brand": 4,
        "color": 5,
        "category": 5
    }
},
{
    "model": "product.product",
    "pk": 69,
    "fields": {
        "name": "HOKA Men's Bondi 9 Sneaker",
        "original_price": "169.00",
        "off_price": "122.00",
        "description": "Mill Oil is an innovative oil filled radiator with the most modern technology.\n        If you are looking for something that can make your interior look awesome,\n        and at the same time give you the pleasant warm feeling during the winter.",
        "image": "p2_t3KIm7x.jpg",
        "availability": 16,
        "brand": 3,
        "color": 2,
        "category": 6
    }
},
{
    "model": "product.product",
    "pk": 70,
    "fields": {
        "name": "Steel Toe Shoes for Men Comfortable Indestructible Safety Work Boots for Men",
        "original_price": "173.00",
        "off_price": "126.00",
        "description": "Mill Oil is an innovative oil filled radiator with the most modern technology.\n        If you are looking for something that can make your interior look awesome,\n        and at the same time give you the pleasant warm feeling during the winter.",
        "image": "p8_bdw9EMT.jpg",
        "availability": 16,
        "brand": 5,
        "color": 1,
        "category": 4
    }
},
{
    "model": "product.product",
    "pk": 71,
    "fields": {
        "name": "Water Shoes Wide Width for Women Men Swim Beach Barefoot Shoes",
        "original_price": "190.00",
        "off_price": "102.00",
        "description": "Mill Oil is an innovative oil filled radiator with the most modern technology.\n        If you are looking for something that can make your interior look awesome,\n        and at the same time give you the pleasant warm feeling during the winter.",
        "image": "p1_TA00RLV.jpg",
        "availability": 19,
        "brand": 5,
        "color": 2,
        "category": 7
    }
},
{
    "model": "product.product",
    "pk": 72,
    "fields": {
        "name": "HOKA Men's Bondi 9 Sneaker",
        "original_price": "193.00",
        "off_price": "102.00",
        "description": "Mill Oil is an innovative oil filled radiator with the most modern technology.\n        If you are looking for something that can make your interior look awesome,\n        and at the same time give you the pleasant warm feeling during the winter.",
        "image": "p2_7fnCGrR.jpg",
        "availability": 17,
        "brand": 5,
        "color": 5,
        "category": 5
    }
},
{
    "model": "product.product",
    "pk": 73,
    "fields": {
        "name": "Water Shoes Wide Width for Women Men Swim Beach Barefoot Shoes",
        "original_price": "190.00",
        "off_price": "138.00",
        "description": "Mill Oil is an innovative oil filled radiator with the most modern technology.\n        If you are looking for something that can make your interior look awesome,\n        and at the same time give you the pleasant warm feeling during the winter.",
        "image": "e-p1_5QNrSY6.png",
        "availability": 29,
        "brand": 6,
        "color": 3,
        "category": 5
    }
},
{
    "model": "product.product",
    "pk": 74,
    "fields": {
        "name": "addidas New Hammer sole for Sports person",
        "original_price": "164.00",
        "off_price": "108.00",
        "description": "Mill Oil is an innovative oil filled radiator with the most modern technology.\n        If you are looking for something that can make your interior look awesome,\n        and at the same time give you the pleasant warm feeling during the winter.",
        "image": "p5_PC9HvAo.jpg",
        "availability": 16,
        "brand": 6,
        "color": 3,
        "category": 3
    }
},
{
    "model": "product.product",
    "pk": 75,
    "fields": {
        "name": "Steel Toe Shoes for Men Comfortable Indestructible Safety Work Boots for Men",
        "original_price": "197.00",
        "off_price": "128.00",
        "description": "Mill Oil is an innovative oil filled radiator with the most modern technology.\n        If you are looking for something that can make your interior look awesome,\n        and at the same time give you the pleasant warm feeling during the winter.",
        "image": "e-p1_RPzj1sD.png",
        "availability": 20,
        "brand": 4,
        "color": 1,
        "category": 3
    }
},
{
    "model": "product.product",
    "pk": 76,
    "fields": {
        "name": "HOKA Men's Bondi 9 Sneaker",
        "original_price": "197.00",
        "off_price": "118.00",
        "description": "Mill Oil is an innovative oil filled radiator with the most modern technology.\n        If you are looking for something that can make your interior look awesome,\n        and at the same time give you the pleasant warm feeling during the winter.",
        "image": "p8_e2aOrrs.jpg",
        "availability": 26,
        "brand": 4,
        "color": 4,
        "category": 3
    }
},
{
    "model": "product.product",
    "pk": 77,
    "fields": {
        "name": "Steel Toe Shoes for Men Comfortable Indestructible Safety Work Boots for Men",
        "original_price": "152.00",
        "off_price": "133.00",
        "description": "Mill Oil is an innovative oil filled radiator with the most modern technology.\n        If you are looking for something that can make your interior look awesome,\n        and at the same time give you the pleasant warm feeling during the winter.",
        "image": "p6_Ya8Vp37.jpg",
        "availability": 24,
        "brand": 4,
        "color": 5,
        "category": 5
    }
},
{
    "model": "product.product",
    "pk": 78,
    "fields": {
        "name": "addidas New Hammer sole for Sports person",
        "original_price": "165.00",
        "off_price": "124.00",
        "description": "Mill Oil is an innovative oil filled radiator with the most modern technology.\n        If you are looking for something that can make your interior look awesome,\n        and at the same time give you the pleasant warm feeling during the winter.",
        "image": "p1_2BJc4De.jpg",
        "availability": 22,
        "brand": 5,
        "color": 2,
        "category": 7
    }
},
{
    "model": "product.product",
    "pk": 79,
    "fields": {
        "name": "HOKA Men's Bondi 9 Sneaker",
        "original_price": "155.00",
        "off_price": "119.00",
        "description": "Mill Oil is an innovative oil filled radiator with the most modern technology.\n        If you are looking for something that can make your interior look awesome,\n        and at the same time give you the pleasant warm feeling during the winter.",
        "image": "p2_TuqecyN.jpg",
        "availability": 15,
        "brand": 3,
        "color": 2,
        "category": 3
    }
},
{
    "model": "product.product",
    "pk": 80,
    "fields": {
        "name": "addidas New Hammer sole for Sports person",
        "original_price": "151.00",
        "off_price": "146.00",
        "description": "Mill Oil is an innovative oil filled radiator with the most modern technology.\n        If you are looking for something that can make your interior look awesome,\n        and at the same time give you the pleasant warm feeling during the winter.",
        "image": "p5_nzi1DZS.jpg",
        "availability": 11,
        "brand": 6,
        "color": 3,
        "category": 4
    }
},
{
    "model": "product.product",
    "pk": 81,
    "fields": {
        "name": "HOKA Men's Bondi 9 Sneaker",
        "original_price": "164.00",
        "off_price": "112.00",
        "description": "Mill Oil is an innovative oil filled radiator with the most modern technology.\n        If you are looking for something that can make your interior look awesome,\n        and at the same time give you the pleasant warm feeling during the winter.",
        "image": "p3_mJNiNe4.jpg",
        "availability": 28,
        "brand": 3,
        "color": 2,
        "category": 4
    }
},
{
    "model": "product.product",
    "pk": 82,
    "fields": {
        "name": "Water Shoes Wide Width for Women Men Swim Beach Barefoot Shoes",
        "original_price": "188.00",
        "off_price": "129.00",
        "description": "Mill Oil is an innovative oil filled radiator with the most modern technology.\n        If you are looking for something that can make your interior look awesome,\n        and at the same time give you the pleasant warm feeling during the winter.",
        "image": "p3_pjbHn4b.jpg",
        "availability": 23,
        "brand": 3,
        "color": 5,
        "category": 5
    }
},
{
    "model": "product.product",
    "pk": 83,
    "fields": {
        "name": "addidas New Hammer sole for Sports person",
        "original_price": "183.00",
        "off_price": "145.00",
        "description": "Mill Oil is an innovative oil filled radiator with the most modern technology.\n        If you are looking for something that can make your interior look awesome,\n        and at the same time give you the pleasant warm feeling during the winter.",
        "image": "p3_iN6MYAl.jpg",
        "availability": 10,
        "brand": 5,
        "color": 2,
        "category": 6
    }
},
{
    "model": "product.product",
    "pk": 84,
    "fields": {
        "name": "Steel Toe Shoes for Men Comfortable Indestructible Safety Work Boots for Men",
        "original_price": "162.00",
        "off_price": "125.00",
        "description": "Mill Oil is an innovative oil filled radiator with the most modern technology.\n        If you are looking for something that can make your interior look awesome,\n        and at the same time give you the pleasant warm feeling during the winter.",
        "image": "p5_MfcbJjL.jpg",
        "availability": 20,
        "brand": 3,
        "color": 2,
        "category": 6
    }
},
{
    "model": "product.product",
    "pk": 85,
    "fields": {
        "name": "Men’s Waterproof Garden Shoes Rain Boots Slip-On Footwear",
        "original_price": "177.00",
        "off_price": "143.00",
        "description": "Mill Oil is an innovative oil filled radiator with the most modern technology.\n        If you are looking for something that can make your interior look awesome,\n        and at the same time give you the pleasant warm feeling during the winter.",
        "image": "p7_xc639jl.jpg",
        "availability": 29,
        "brand": 3,
        "color": 3,
        "category": 4
    }
},
{
    "model": "product.product",
    "pk": 86,
    "fields": {
        "name": "addidas New Hammer sole for Sports person",
        "original_price": "169.00",
        "off_price": "125.00",
        "description": "Mill Oil is an innovative oil filled radiator with the most modern technology.\n        If you are looking for something that can make your interior look awesome,\n        and at the same time give you the pleasant warm feeling during the winter.",
        "image": "p6_rPMttYI.jpg",
        "availability": 15,
        "brand": 4,
        "color": 4,
        "category": 6
    }
},
{
    "model": "product.product",
    "pk": 87,
    "fields": {
        "name": "THESTRON Men Golf Shoes Mesh Breathable Breathable Golf Walking",
        "original_price": "191.00",
        "off_price": "121.00",
        "description": "Mill Oil is an innovative oil filled radiator with the most modern technology.\n        If you are looking for something that can make your interior look awesome,\n        and at the same time give you the pleasant warm feeling during the winter.",
        "image": "p8_QgJcmEM.jpg",
        "availability": 28,
        "brand": 4,
        "color": 3,
        "category": 7
    }
},
{
    "model": "product.product",
    "pk": 88,
    "fields": {
        "name": "Steel Toe Shoes for Men Comfortable Indestructible Safety Work Boots for Men",
        "original_price": "192.00",
        "off_price": "106.00",
        "description": "Mill Oil is an innovative oil filled radiator with the most modern technology.\n        If you are looking for something that can make your interior look awesome,\n        and at the same time give you the pleasant warm feeling during the winter.",
        "image": "p1_8dmkFgh.jpg",
        "availability": 21,
        "brand": 6,
        "color": 1,
        "category": 4
    }
},
{
    "model": "product.product",
    "pk": 89,
    "fields": {
        "name": "THESTRON Men Golf Shoes Mesh Breathable Breathable Golf Walking",
        "original_price": "157.00",
        "off_price": "116.00",
        "description": "Mill Oil is an innovative oil filled radiator with the most modern technology.\n        If you are looking for something that can make your interior look awesome,\n        and at the same time give you the pleasant warm feeling during the winter.",
        "image": "p2_WZUpDYF.jpg",
        "availability": 18,
        "brand": 3,
        "color": 5,
        "category": 3
    }
},
{
    "model": "product.product",
    "pk": 90,
    "fields": {
        "name": "addidas New Hammer sole for Sports person",
        "original_price": "161.00",
        "off_price": "121.00",
        "description": "Mill Oil is an innovative oil filled radiator with the most modern technology.\n        If you are looking for something that can make your interior look awesome,\n        and at the same time give you the pleasant warm feeling during the winter.",
        "image": "p1_QNzwhe6.jpg",
        "availability": 28,
        "brand": 5,
        "color": 3,
        "category": 5
    }
},
{
    "model": "product.product",
    "pk": 91,
    "fields": {
        "name": "addidas New Hammer sole for Sports person",
        "original_price": "189.00",
        "off_price": "107.00",
        "description": "Mill Oil is an innovative oil filled radiator with the most modern technology.\n        If you are looking for something that can make your interior look awesome,\n        and at the same time give you the pleasant warm feeling during the winter.",
        "image": "p4_q18bDRS.jpg",
        "availability": 14,
        "brand": 4,
        "color": 1,
        "category": 6
    }
},
{
    "model": "product.product",
    "pk": 92,
    "fields": {
        "name": "Steel Toe Shoes for Men Comfortable Indestructible Safety Work Boots for Men",
        "original_price": "189.00",
        "off_price": "121.00",
        "description": "Mill Oil is an innovative oil filled radiator with the most modern technology.\n        If you are looking for something that can make your interior look awesome,\n        and at the same time give you the pleasant warm feeling during the winter.",
        "image": "e-p1_Y7ikAZD.png",
        "availability": 18,
        "brand": 4,
        "color": 2,
        "category": 3
    }
},
{
    "model": "product.product",
    "pk": 93,
    "fields": {
        "name": "Water Shoes Wide Width for Women Men Swim Beach Barefoot Shoes",
        "original_price": "157.00",
        "off_price": "104.00",
        "description": "Mill Oil is an innovative oil filled radiator with the most modern technology.\n        If you are looking for something that can make your interior look awesome,\n        and at the same time give you the pleasant warm feeling during the winter.",
        "image": "p2_w1Lg6rm.jpg",
        "availability": 15,
        "brand": 4,
        "color": 2,
        "category": 7
    }
},
{
    "model": "product.product",
    "pk": 94,
    "fields": {
        "name": "Men’s Waterproof Garden Shoes Rain Boots Slip-On Footwear",
        "original_price": "190.00",
        "off_price": "133.00",
        "description": "Mill Oil is an innovative oil filled radiator with the most modern technology.\n        If you are looking for something that can make your interior look awesome,\n        and at the same time give you the pleasant warm feeling during the winter.",
        "image": "p5_bDNzCNQ.jpg",
        "availability": 15,
        "brand": 6,
        "color": 3,
        "category": 3
    }
},
{
    "model": "product.product",
    "pk": 95,
    "fields": {
        "name": "addidas New Hammer sole for Sports person",
        "original_price": "171.00",
        "off_price": "113.00",
        "description": "Mill Oil is an innovative oil filled radiator with the most modern technology.\n        If you are looking for something that can make your interior look awesome,\n        and at the same time give you the pleasant warm feeling during the winter.",
        "image": "p3_Nge0ckH.jpg",
        "availability": 29,
        "brand": 3,
        "color": 1,
        "category": 3
    }
},
{
    "model": "product.product",
    "pk": 96,
    "fields": {
        "name": "Steel Toe Shoes for Men Comfortable Indestructible Safety Work Boots for Men",
        "original_price": "189.00",
        "off_price": "130.00",
        "description": "Mill Oil is an innovative oil filled radiator with the most modern technology.\n        If you are looking for something that can make your interior look awesome,\n        and at the same time give you the pleasant warm feeling during the winter.",
        "image": "e-p1_HM80zPO.png",
        "availability": 22,
        "brand": 5,
        "color": 3,
        "category": 3
    }
},
{
    "model": "product.product",
    "pk": 97,
    "fields": {
        "name": "THESTRON Men Golf Shoes Mesh Breathable Breathable Golf Walking",
        "original_price": "180.00",
        "off_price": "103.00",
        "description": "Mill Oil is an innovative oil filled radiator with the most modern technology.\n        If you are looking for something that can make your interior look awesome,\n        and at the same time give you the pleasant warm feeling during the winter.",
        "image": "p2_F4VbHnE.jpg",
        "availability": 27,
        "brand": 5,
        "color": 4,
        "category": 5
    }
},
{
    "model": "product.product",
    "pk": 98,
    "fields": {
        "name": "Water Shoes Wide Width for Women Men Swim Beach Barefoot Shoes",
        "original_price": "179.00",
        "off_price": "141.00",
        "description": "Mill Oil is an innovative oil filled radiator with the most modern technology.\n        If you are looking for something that can make your interior look awesome,\n        and at the same time give you the pleasant warm feeling during the winter.",
        "image": "p8_wsB7RYm.jpg",
        "availability": 14,
        "brand": 5,
        "color": 2,
        "category": 4
    }
},
{
    "model": "product.product",
    "pk": 99,
    "fields": {
        "name": "Steel Toe Shoes for Men Comfortable Indestructible Safety Work Boots for Men",
        "original_price": "172.00",
        "off_price": "123.00",
        "description": "Mill Oil is an innovative oil filled radiator with the most modern technology.\n        If you are looking for something that can make your interior look awesome,\n        and at the same time give you the pleasant warm feeling during the winter.",
        "image": "e-p1_cMk3HmQ.png",
        "availability": 22,
        "brand": 6,
        "color": 4,
        "category": 6
    }
},
{
    "model": "product.product",
    "pk": 100,
    "fields": {
        "name": "THESTRON Men Golf Shoes Mesh Breathable Breathable Golf Walking",
        "original_price": "174.00",
        "off_price": "120.00",
        "description": "Mill Oil is an innovative oil filled radiator with the most modern technology.\n        If you are looking for something that can make your interior look awesome,\n        and at the same time give you the pleasant warm feeling during the winter.",
        "image": "p7_pSAwD6c.jpg",
        "availability": 18,
        "brand": 5,
        "color": 5,
        "category": 7
    }
},
{
    "model": "product.product",
    "pk": 101,
    "fields": {
        "name": "Water Shoes Wide Width for Women Men Swim Beach Barefoot Shoes",
        "original_price": "162.00",
        "off_price": "141.00",
        "description": "Mill Oil is an innovative oil filled radiator with the most modern technology.\n        If you are looking for something that can make your interior look awesome,\n        and at the same time give you the pleasant warm feeling during the winter.",
        "image": "p4_L1wnXEz.jpg",
        "availability": 14,
        "brand": 3,
        "color": 2,
        "category": 6
    }
},
{
    "model": "product.product",
    "pk": 102,
    "fields": {
        "name": "Men’s Waterproof Garden Shoes Rain Boots Slip-On Footwear",
        "original_price": "194.00",
        "off_price": "135.00",
        "description": "Mill Oil is an innovative oil filled radiator with the most modern technology.\n        If you are looking for something that can make your interior look awesome,\n        and at the same time give you the pleasant warm feeling during the winter.",
        "image": "p7_duPYWdZ.jpg",
        "availability": 29,
        "brand": 3,
        "color": 4,
        "category": 6
    }
},
{
    "model": "product.productcomment",
    "pk": 1,
    "fields": {
        "user": [
            "admin@admin.com"
        ],
        "product": 5,
        "body": "Lorem ipsum dolor sit amet, consectetur adipisicing elit, sed do eiusmod tempor incididunt ut labore et dolore magna aliqua. Ut enim ad minim veniam, quis nostrud exercitation ullamco laboris nisi ut aliquip ex ea commodo",
        "created_at": "2025-11-04T13:27:19.432Z"
    }
},
{
    "model": "product.productcomment",
    "pk": 2,
    "fields": {
        "user": [
            "admin@admin.com"
        ],
        "product": 3,
        "body": "Lorem ipsum dolor sit amet, consectetur adipisicing elit, sed do eiusmod tempor incididunt ut labore et dolore magna aliqua. Ut enim ad minim veniam, quis nostrud exercitation ullamco laboris nisi ut aliquip ex ea commodo",
        "created_at": "2025-11-04T13:28:33.325Z"
    }
},
{
    "model": "product.productcomment",
    "pk": 3,
    "fields": {
        "user": [
            "admin2@admin.com"
        ],
        "product": 3,
        "body": "the nice",
        "created_at": "2025-11-04T13:58:22.398Z"
    }
}
]
